Ágatha Dias;Administrativo;agathad;senha1234
Murilo Gonçalves;Vendas;murilog;senha1235
Melissa Gomes;Vendas;melissag;senha1236
Marina Sousa;Checkin;marinas;senha1237
Marisa Cardoso;Checkin;marisac;senha1238
Miguel Cardoso;Administrativo;miguelc;senha1239
Erick Cordeiro;Vendas;erickc;senha1240
André Cavalcanti;Checkin;andréc;senha1241
Pedro Silva;Checkin;pedros;senha1242
Ana Barros;Vendas;anab;senha1243
Bruna Lima;Vendas;brunal;senha1244
Rebeca Oliveira;Checkin;rebecao;senha1245
Douglas Muniz;Administrativo;douglasm;senha1246
